sentence,label
We may sell your personal information to data brokers and other businesses.,sells personal data
In exchange for money we provide user profiles to third parties for their own use.,sells personal data
We do not sell your personal data to anyone.,none
We share your information with advertising partners to show you relevant ads.,shares data with third parties or advertisers
Our affiliates and service providers may receive your contact details.,shares data with third parties or advertisers
Data may be disclosed to analytics vendors that help us improve our product.,shares data with third parties or advertisers
We use cookies and pixels to monitor how you browse our website.,tracks users with cookies or trackers
Tracking beacons record the pages you visit and the links you click.,tracks users with cookies or trackers
Essential cookies keep you signed in during your session.,tracks users with cookies or trackers
We use your content and messages to train our machine learning models.,uses user data to train AI models
Information you submit may be used to improve and develop our artificial intelligence systems.,uses user data to train AI models
Your photos are never used to train any algorithm.,none
We retain your personal data for as long as necessary for our business purposes.,keeps data for a long or unlimited time
Your information may be stored indefinitely even after you close your account.,keeps data for a long or unlimited time
Logs are automatically deleted after 30 days.,none
We collect your precise GPS location when the app is open.,collects precise location
Location data from your device is gathered continuously in the background.,collects precise location
You can turn off location access at any time in your phone settings.,none
Our services are not directed to children under the age of 13.,collects children's data
If we learn we have collected a minor's information we will remove it.,collects children's data
Parents can contact us to review the data of their child.,collects children's data
You may request deletion of your account and personal data at any time.,lets users delete their data
Users have the right to erasure of their information on request.,lets users delete their data
We will remove your data within 30 days when you ask us to delete it.,lets users delete their data
These terms are governed by the laws of the State of Delaware.,none
We may update this policy from time to time and will post the changes here.,none
Contact our support team if you have any questions about this notice.,none
Our company was founded in 2015 and is headquartered in London.,none
We use industry standard encryption to protect data in transit.,none
By using our service you agree to the terms described below.,none
The website is available in English and Spanish.,none
